ArticleCode,Length,Width,Thickness,Grain,MaterialCode,MaterialDescription,UseFrequency,TimerConfiguration,Group,WeightControl,Stratification,IgnoreOnPrepararion,TobeCovered,Cover,NGS,NGSS,MinimumStock
4687LL,2750,1830,18,1,4687L,Forg.lap 0006 SWI Dió 275x183,0,21,,1,0,0,0,0,0,0,0
10765LL,2750,1830,18,1,10765,Forg.lap 0008 SWI Mogyoró 275x183,0,21,,1,0,0,0,0,0,0,0
11448LL,2750,1830,18,1,11448,Forg.lap 0020 SWI Rodoszi Tölgy Világos 275x 183,0,21,,1,0,0,0,0,0,0,0
10822L,2750,1830,18,1,10822,Forg.lap 0028 SWI Wenge Tölgy 275x183,0,21,,1,0,0,0,0,0,0,0
1398LL,2750,1830,18,1,1398L,Forg.lap 0032 SWI Hegyi Éger Sötét 275x183,0,21,,1,0,0,0,0,0,0,0
10824L,2750,1830,18,1,10824,Forg.lap 0038 SWI Bavária Bükk vil 275x183 Helyette 0381 Kronospan,0,21,,1,0,0,0,0,0,0,0
27970L,2750,1830,18,0,27970,Forg.lap 0071 SWI Zöld 275x183,0,21,,1,0,0,0,0,0,0,0
4851LL,2750,1830,18,0,4851L,Forg.lap 0075 SWI Tütkisz 275x183,0,21,,1,0,0,0,0,0,0,0
20768TL,2750,1830,16,0,20768T,Forg.lap 0076 SWI 16mm Fekete prégelt,0,21,,1,0,0,0,0,0,0,0
1851LL,2750,1830,18,1,1851L,forg.lap 0076 SWI Fekete erezett,0,21,,1,0,0,0,0,0,0,0
11182L,2750,1830,18,0,11182,Forg.lap 0077 SWI Szürke 275x183,700,21,,1,0,0,0,0,0,0,0
4684LL,2750,1830,16,0,4684L,Forg.lap 0077 SWI Szürke 275x183x16mm!!!!,0,21,,1,0,0,0,0,0,0,0
11572L,2750,1830,18,0,11572,Forg.lap 0079 SWI Alumínium 275x183,0,21,,1,0,0,0,0,0,0,0
10833L,2750,1830,18,0,10833,Forg.lap 0081 SWI Krém 275x183,0,21,,1,0,0,0,0,0,0,0
4478LL,2750,1830,18,0,4478L,Forg.lap 0084 SWI Levendula 275x183,0,21,,1,0,0,0,0,0,0,0
21161TL,2750,1830,18,1,21161T,Forg.lap 0236 SWI Kaliforniai dió 2750x1830x18,0,21,,1,0,0,0,0,0,0,0
4233LL,2750,1830,18,0,4233L,Forg.lap 0243 SWI Vanilia 275x183,0,21,,1,0,0,0,0,0,0,0
19219TL,2750,1830,18,1,19219T,Forg.lap 0281 Svájci dió 2750x1830x18mm,0,21,,1,0,0,0,0,0,0,0
4688LL,2750,1830,18,1,4688L,Forg.lap 0282 SWI Wenge Magia 275x183,0,21,,1,0,0,0,0,0,0,0
1040LL,2750,1830,18,1,1040L,Forg.lap 0289 SWI Wenge világos 275x183,0,21,,1,0,0,0,0,0,0,0
10770L,2750,1830,18,1,10770,Forg.lap 0331 SWI Sonoma Tölgy 275x183,0,21,,1,0,0,0,0,0,0,0
76101L,2750,1830,18,0,76101,Forg.lap 0345 SWI BS felület!! Elit Fehér 275x183,0,21,,1,0,0,0,0,0,0,0
4942LL,2750,1830,16,0,4942L,Forg.lap 0345 SWI Elit Fehér 2750x1830x16mm!!!!!,0,21,,1,0,0,0,0,0,0,0
1399LL,2750,1830,18,0,1399L,Forg.lap 0345 SWI Elit Fehér 275x183,0,21,,1,0,0,0,0,0,0,0
10895L,2750,1830,18,0,10895,Forg.lap 0345 SWI Gyöngy Fehér 275x183,0,21,,1,0,0,0,0,0,0,0
11188L,2750,1830,18,1,11188,Forg.lap 0348 SWI Anszberg Tölgy Világos 275x183,0,21,,1,0,0,0,0,0,0,0
10766L,2750,1830,18,1,10766,Forg.lap 0349 SWI Tölgy Hajó 275x183,1000,21,,1,0,0,0,0,0,0,0
17030TL,2750,1830,18,1,17030T,Forg.lap 0353 SWI Mountain tölgy 2750x1830,0,21,,1,0,0,0,0,0,0,0
SWI18L,2750,1830,18,1,SWI18,Forg.lap 0355 SWI Libanoni Tölgy 275x183,1000,21,,1,0,0,0,0,0,0,0
4234LL,2750,1830,18,1,4234L,Forg.lap 0364 SWI Havas Kőris 275x183,0,21,,1,0,0,0,0,0,0,0
10769L,2750,1830,18,1,10769,Forg.lap 0367 SWI Arkansas Tölgy Világos 275x183,0,21,,1,0,0,0,0,0,0,0
16809TL,2750,1830,18,1,16809T,Forg.lap 0369 SWI Madagaszkár 275x183,0,21,,1,0,0,0,0,0,0,0
10844L,2750,1830,18,1,10844,Forg.lap 0386 SWI Woodline Mokka 275x183,0,21,,1,0,0,0,0,0,0,0
670LL,2750,1830,18,1,670L,Forg.lap 0423 SWI Sonoma tölgy Trufle 275x183,1000,21,,1,0,0,0,0,0,0,0
10771L,2750,1830,18,1,10771,Forg.lap 0424 SWI Sherwoodi Tölgy 275x183,1000,21,,1,0,0,0,0,0,0,0
11335LL,2750,1830,18,1,11335L,Forg.lap 0425 SWI Fregatt Tölgy 244x183x25,0,21,,1,0,0,0,0,0,0,0
1850LL,2750,1830,18,1,1850L,Forg.lap 0426 SWI Klondike tölgy 275x183,800,21,,1,0,0,0,0,0,0,0
4226LL,2750,1830,18,1,4226L,Forg.lap 0428 SWI Urbán Light 275x183,0,21,,1,0,0,0,0,0,0,0
10850L,2750,1830,18,1,10850,Forg.lap 0429 SWI Country 275x183,0,21,,1,0,0,0,0,0,0,0
12647L,2750,1830,18,1,12647,Forg.lap 0432 SWI Rigoletto Sötét 275x183,0,21,,1,0,0,0,0,0,0,0
4232LL,2750,1830,18,1,4232L,Forg.lap 0433 SWI Alaszka 275x183,0,21,,1,0,0,0,0,0,0,0
11457L,2750,1830,18,1,11457,Forg.lap 0434 SWI Monolit 275x183,0,21,,1,0,0,0,0,0,0,0
4229LL,2750,1830,18,1,4229L,Forg.lap 0436 SWI Northland 275x183,0,21,,1,0,0,0,0,0,0,0
11599L,2750,1830,18,0,11599,Forg.lap 0437 SWI Latte 275x183,0,21,,1,0,0,0,0,0,0,0
SWI11L,2750,1830,18,1,SWI11,Forg.lap 0438 SWI Sympfony 275x183,0,21,,1,0,0,0,0,0,0,0
53253L,2750,1830,16,0,53253,Forg.lap 0440 SWI Alaszka Fehér 2750x1830x16mm!!!!!,0,21,,1,0,0,0,0,0,0,0
11998L,2750,1830,18,0,11998,Forg.lap 0440 SWI Fehér Alaszka (0497 Új Kód) 275x183,0,21,,1,0,0,0,0,0,0,0
6992LL,2750,1830,18,0,6992L,Forg.lap 0440 SWI PE White Alaszka Gyöngy 275x183,0,21,,1,0,0,0,0,0,0,0
76144L,2750,1830,18,0,76144,Forg.lap 0440 SWI PM Matt Fehér Alaszka (0497 Új Kód) 275x183,5000,21,,1,0,0,0,0,0,0,0
24008L,2750,1830,18,1,24008,Forg.lap 0440 SWI WL Erezett alaszka fehér 275x183,600,21,,1,0,0,0,0,0,0,0
12498L,2750,1830,18,1,12498,Forg.lap 0442 SWI Tavern Tölgy 275x183,0,21,,1,0,0,0,0,0,0,0
11600L,2750,1830,18,1,11600,Forg.lap 0445 SWI Tölgy hajó cimke 275x183,0,21,,1,0,0,0,0,0,0,0
12504L,2750,1830,18,1,12504,Forg.lap 0449 SWI White Wood 275x183,0,21,,1,0,0,0,0,0,0,0
12503L,2750,1830,18,0,12503,Forg.lap 0471 SWI Iced Coffe 275x183,0,21,,1,0,0,0,0,0,0,0
4237LL,2750,1830,18,1,4237L,Forg.lap 0474 SWI Tahoe Tölgy 275x183,3000,21,,1,0,0,0,0,0,0,0
SWI6L,2750,1830,18,1,SWI6,Forg.lap 0476 SWI Westwood 275x183,0,21,,1,0,0,0,0,0,0,0
SWI7L,2750,1830,18,0,SWI7,Forg.lap 0477 SWI Antracit 275x183,0,21,,1,0,0,0,0,0,0,0
21501L,2750,1830,16,0,21501,Forg.lap 0477 SWI Antracit 275x183x16mm!!!,800,21,,1,0,0,0,0,0,0,0
23550L,2750,1830,18,1,23550,Forg.lap 0479 SWI Helga Fenyő 275x183,0,21,,1,0,0,0,0,0,0,0
SWI2L,2750,1830,18,1,SWI2,Forg.lap 0484 SWI Moras Tölgy 275x183,0,21,,1,0,0,0,0,0,0,0
10174LL,2750,1830,18,1,10174L,Forg.lap 0489 SWI Industrial 275x183,0,21,,1,0,0,0,0,0,0,0
10172LL,2750,1830,18,1,10172L,Forg.lap 0490 SWI Firewood,0,21,,1,0,0,0,0,0,0,0
10169LL,2750,1830,18,1,10169L,Forg.lap 0491 SWI Dakkar 275x183,0,21,,1,0,0,0,0,0,0,0
10179LL,2750,1830,18,1,10179L,Forg.lap 0492 SWI Tasmánia 275x183,0,21,,1,0,0,0,0,0,0,0
9823LL,2750,1830,18,0,9823L,Forg.lap 0496 SWI Ceyloni Vanillia,900,21,,1,0,0,0,0,0,0,0
19282TL,2750,1830,18,1,19282T,Forg.lap 0503 SWI Aspen 275x183,0,21,,1,0,0,0,0,0,0,0
19033TL,2750,1830,18,1,19033T,Forg.lap 0506 SWI Porter 275x183,0,21,,1,0,0,0,0,0,0,0
19023TL,2750,1830,18,1,19023T,Forg.lap 0508 SWI Alicante Dark 275x183,0,21,,1,0,0,0,0,0,0,0
19003TL,2750,1830,18,1,19003T,Forg.lap 0509 SWI Alicante Light,0,21,,1,0,0,0,0,0,0,0
19024TL,2750,1830,18,1,19024T,Forg.lap 0510 SWI Blackrock 275x183,600,21,,1,0,0,0,0,0,0,0
19025TL,2750,1830,18,1,19025T,Forg.lap 0511 SWI Desmond 275x183,0,21,,1,0,0,0,0,0,0,0
19034TL,2750,1830,18,1,19034T,Forg.lap 0514 SWI Seville 275x183,600,21,,1,0,0,0,0,0,0,0
23551L,2750,1830,18,1,23551,Forg.lap 0515 SWI Gotland 275x183,0,21,,1,0,0,0,0,0,0,0
23553L,2750,1830,18,1,23553,Forg.lap 0516 SWI Delano Világos 275x183,700,21,,1,0,0,0,0,0,0,0
76222L,2750,1830,18,1,76222,Forg.lap 0525 SWI Aristan 275x183,700,21,,1,0,0,0,0,0,0,0
76226L,2750,1830,18,1,76226,Forg.lap 0528 SWI Kamianets 275x183,0,21,,1,0,0,0,0,0,0,0
76224L,2750,1830,18,0,76224,Forg.lap 0534 SWI Almond 275x183,700,21,,1,0,0,0,0,0,0,0
76223L,2750,1830,18,0,76223,Forg.lap 0535 SWI Kasmír 275x183,1000,21,,1,0,0,0,0,0,0,0
76225L,2750,1830,18,0,76225,Forg.lap 0536 SWI Cold Gray 275x183,0,21,,1,0,0,0,0,0,0,0
76228L,2750,1830,18,1,76228,Forg.lap 0552 SWI Matera Fehér 275x183,0,21,,1,0,0,0,0,0,0,0
76229L,2750,1830,18,1,76229,Forg.lap 0553 SWI Matera Szürke 275x183,0,21,,1,0,0,0,0,0,0,0
76230L,2750,1830,18,1,76230,Forg.lap 0554 SWI Matera Fekete 275x183,0,21,,1,0,0,0,0,0,0,0
76232L,2750,1830,18,1,76232,Forg.lap 0556 SWI Akkerman 275x183,0,21,,1,0,0,0,0,0,0,0
76233L,2750,1830,18,1,76233,Forg.lap 0557 SWI Khotyn 275x183,0,21,,1,0,0,0,0,0,0,0
76227L,2750,1830,18,1,76227,Forg.lap 0558 SWI Baturyn 275x183,0,21,,1,0,0,0,0,0,0,0
76231L,2750,1830,18,1,76231,Forg.lap 0559 SWI Khortytsia 275x183,0,21,,1,0,0,0,0,0,0,0
85030L,2750,1830,18,1,85030,Forg.lap 0568 SWI Hokkaido Tobacco WL 275x183,0,21,,1,0,0,0,0,0,0,0
85031L,2750,1830,18,1,85031,Forg.lap 0569 SWI Hokkaido Light WL 275x183,0,21,,1,0,0,0,0,0,0,0
85032L,2750,1830,18,1,85032,Forg.lap 0570 SWI Hokkaido Foggy WL 275x183,0,21,,1,0,0,0,0,0,0,0
85033L,2750,1830,18,1,85033,Forg.lap 0571 SWI Pinerolo Dark WM 275x183,0,21,,1,0,0,0,0,0,0,0
85034L,2750,1830,18,1,85034,Forg.lap 0572 SWI Pinerolo Light WM 275x183,0,21,,1,0,0,0,0,0,0,0
85035L,2750,1830,18,1,85035,Forg.lap 0573 SWI Oak Valencia WM 275x183,0,21,,1,0,0,0,0,0,0,0
85036L,2750,1830,18,1,85036,Forg.lap 0574 SWI Oak Torino WM 275x183,0,21,,1,0,0,0,0,0,0,0
85037L,2750,1830,18,1,85037,Forg.lap 0575 SWI Oak Garden WM 275x183,0,21,,1,0,0,0,0,0,0,0
85038L,2750,1830,18,1,85038,Forg.lap 0576 SWI Walnut Capri WM 275x183,0,21,,1,0,0,0,0,0,0,0
85039L,2750,1830,18,1,85039,Forg.lap 0577 SWI Riva WM 275x183,0,21,,1,0,0,0,0,0,0,0
85040L,2750,1830,18,1,85040,Forg.lap 0578 SWI Oak Salvador WM 275x183,0,21,,1,0,0,0,0,0,0,0
85041L,2750,1830,18,1,85041,Forg.lap 0579 SWI Walnut Columbia WM 275x183,0,21,,1,0,0,0,0,0,0,0
85046L,2750,1830,18,1,85046,Forg.lap 0580 SWI Kylo Graphite РМ 275x183,0,21,,1,0,0,0,0,0,0,0
85047L,2750,1830,18,1,85047,Forg.lap 0581 SWI Kylo Beige РМ 275x183,0,21,,1,0,0,0,0,0,0,0
85025L,2750,1830,18,1,85025,Forg.lap 0582 SWI Corsica WM 275x183,0,21,,1,0,0,0,0,0,0,0
85042L,2750,1830,18,1,85042,Forg.lap 0583 SWI Mayru Light WM 275x183,0,21,,1,0,0,0,0,0,0,0
85043L,2750,1830,18,1,85043,Forg.lap 0584 SWI Mayru Tobacco WM 275x183,0,21,,1,0,0,0,0,0,0,0
85044L,2750,1830,18,1,85044,Forg.lap 0585 SWI Mayru Dark WM 275x183,0,21,,1,0,0,0,0,0,0,0
85045L,2750,1830,18,1,85045,Forg.lap 0586 SWI Oak Rookwood WM 275x183,0,21,,1,0,0,0,0,0,0,0
85026L,2750,1830,18,1,85026,Forg.lap 0587 SWI Askania WM 275x183,0,21,,1,0,0,0,0,0,0,0
85027L,2750,1830,18,1,85027,Forg.lap 0588 SWI Levo Light WM 275x183,0,21,,1,0,0,0,0,0,0,0
85028L,2750,1830,18,1,85028,Forg.lap 0589 SWI Levo Dark WM 275x183,0,21,,1,0,0,0,0,0,0,0
85048L,2750,1830,18,0,85048,Forg.lap 0590 SWI Gray Cat РМ 275x183,0,21,,1,0,0,0,0,0,0,0
85049L,2750,1830,18,0,85049,Forg.lap 0591 SWI Gray Clay РМ 275x183,0,21,,1,0,0,0,0,0,0,0
85029L,2750,1830,18,0,85029,Forg.lap 0592 SWI Satin Beige РМ 275x183,0,21,,1,0,0,0,0,0,0,0
1182763L,2800,2070,18,1,1182763,Forg.lap EGGER F186 ST9 Világos szürke Chicago beton 2800x2070x18mm,0,21,,1,0,0,0,0,0,0,0
1182765L,2800,2070,18,1,1182765,Forg.lap EGGER F187 ST9 Sötétszürke Chicago Beton 2800x2070x18mm,0,21,,1,0,0,0,0,0,0,0
1377179L,2800,2070,18,1,1377179,Forg.lap EGGER F206 ST9 Fekete Pietra Grigia 2800x2070x18mm,0,21,,1,0,0,0,0,0,0,0
1716793L,2800,2070,18,1,1716793,Forg.lap EGGER F235 ST76 Scivaro Pala 2800x2070x18mm,0,21,,1,0,0,0,0,0,0,0
1716898L,2800,2070,18,1,1716898,Forg.lap EGGER F243 ST76 Világosszürke Candela Márvány 2800x2070x18mm,0,21,,1,0,0,0,0,0,0,0
1730429L,2800,2070,18,1,1730429,Forg.lap EGGER F323 ST20 Cobra Bronz 2800x2070x18mm,0,21,,1,0,0,0,0,0,0,0
1377181L,2800,2070,18,1,1377181,Forg.lap EGGER F416 ST10 Bézs Textil 2800x2070x18mm,0,21,,1,0,0,0,0,0,0,0
1200767L,2800,2070,18,1,1200767,Forg.lap EGGER F433 ST10 Antracit Len 2800x2070x18mm,0,21,,1,0,0,0,0,0,0,0
1716657L,2800,2070,18,1,1716657,Forg.lap EGGER F528 ST20 Bronz Szálcsiszolt Fém 2800x2070x18mm,0,21,,1,0,0,0,0,0,0,0
1716693L,2800,2070,18,1,1716693,Forg.lap EGGER F685 ST10 Acapulco 2800x2070x18mm,0,21,,1,0,0,0,0,0,0,0
1716706L,2800,2070,18,1,1716706,Forg.lap EGGER F765 ST20 Szálcsiszolt Ezüstszürke 2800x2070x18mm,0,21,,1,0,0,0,0,0,0,0
1717623L,2800,2070,18,1,1717623,Forg.lap EGGER F800 ST9 Márvány Kristály 2800x2070x18mm,0,21,,1,0,0,0,0,0,0,0
1176726L,2800,2070,18,1,1176726,Forg.lap EGGER H1113 ST10 Barna Kansas Tölgy 2800x2070x18mm,0,21,,1,0,0,0,0,0,0,0
1718074L,2800,2070,18,1,1718074,Forg.lap EGGER H1142 ST36 Sacramento Barna Tölgy 2800x2070x18mm,0,21,,1,0,0,0,0,0,0,0
236534L,2800,2070,18,1,236534,Forg.lap EGGER H1145 ST10 Natural Bordalino Tölgy 2800x2070x18mm,5000,21,,1,0,0,0,0,0,0,0
1183000L,2800,2070,18,1,1183000,Forg.lap EGGER H1176 ST37 Fehér Halifax Tölgy 2800x2070x18mm,0,21,,1,0,0,0,0,0,0,0
1045290L,2800,2070,18,1,1045290,Forg.lap EGGER H1180 ST37 Halifax Natúr Tölgy 2800x2070x18mm,300,21,,1,0,0,0,0,0,0,0
1063953L,2800,2070,18,1,1063953,Forg.lap EGGER H1181 ST37 Halifax Dohány Tölgy 2800x2070x18mm,0,21,,1,0,0,0,0,0,0,0
1191177L,2800,2070,18,1,1191177,Forg.lap EGGER H1199 ST12 Sötétbarna Thermo Tölgy 2800x2070x18mm,0,21,,1,0,0,0,0,0,0,0
1717206L,2800,2070,18,1,1717206,Forg.lap EGGER H1223 ST19 Sevilla Kőris 2800x2070x18mm,0,21,,1,0,0,0,0,0,0,0
1716837L,2800,2070,18,1,1716837,Forg.lap EGGER H1225 ST12 Trondheim Köris 2800x2070x18mm,0,21,,1,0,0,0,0,0,0,0
1716742L,2800,2070,18,1,1716742,Forg.lap EGGER H1242 ST10 Natúr Sheffield Akác 2800x2070x18mm,0,21,,1,0,0,0,0,0,0,0
1003066L,2800,2070,18,1,1003066,Forg.lap EGGER H1250 ST36 Navarra Köris 2800x2070x18mm,0,21,,1,0,0,0,0,0,0,0
747984L,2800,2070,18,1,747984,Forg.lap EGGER H1277 ST9 Világos Lakeland Akác 2800x2070x18mm,200,21,,1,0,0,0,0,0,0,0
1716886L,2800,2070,18,1,1716886,Forg.lap EGGER H1303 ST12 Barna Belmont tölgy 2800x2070x18mm,0,21,,1,0,0,0,0,0,0,0
1619685L,2800,2070,18,1,1619685,Forg.lap EGGER H1307 ST19 Warmia Barna Dió 2800x2070x18mm,0,21,,1,0,0,0,0,0,0,0
1377174L,2800,2070,18,1,1377174,Forg.lap EGGER H1312 ST10 Whiteriver Homok 2800x2070x18mm,0,21,,1,0,0,0,0,0,0,0
1377175L,2800,2070,18,1,1377175,Forg.lap EGGER H1313 ST10 Whiteriver Szürkésbarna Tölgy 2800x2070x18mm,0,21,,1,0,0,0,0,0,0,0
1362414L,2800,2070,18,1,1362414,Forg.lap EGGER H1318 ST10 Natúr Vad Tölgy 2800x2070x18mm,2000,21,,1,0,0,0,0,0,0,0
1335020L,2800,2070,18,1,1335020,Forg.lap EGGER H1330 ST10 Santa Fe Vintage Tölgy 2800x2070x18mm,0,21,,1,0,0,0,0,0,0,0
1377171L,2800,2070,18,1,1377171,Forg.lap EGGER H1344 ST32 Sherman Konyak Barna Tölgy 2800x2070x18mm,0,21,,1,0,0,0,0,0,0,0
1377172L,2800,2070,18,1,1377172,Forg.lap EGGER H1346 ST32 Sherman Antracit Tölgy 2800x2070x18mm,0,21,,1,0,0,0,0,0,0,0
1716938L,2800,2070,18,1,1716938,Forg.lap EGGER H1362 ST12 Baronia Világos Tölgy 2800x2070x18mm,0,21,,1,0,0,0,0,0,0,0
1718133L,2800,2070,18,1,1718133,Forg.lap EGGER H1367 ST40 Casella Világos Natúr Tölgy 2800x2070x18mm,0,21,,1,0,0,0,0,0,0,0
1718194L,2800,2070,18,1,1718194,Forg.lap EGGER H1385 ST40 Casella Natúr Tölgy 2800x2070x18mm,0,21,,1,0,0,0,0,0,0,0
1718216L,2800,2070,18,1,1718216,Forg.lap EGGER H1386 ST40 Casella Barna Tölgy 2800x2070x18mm,0,21,,1,0,0,0,0,0,0,0
1121484L,2800,2070,18,1,1121484,Forg.lap EGGER H1399 ST10 Truffel Barna Denver Tölgy 2800x2070x18mm,0,21,,1,0,0,0,0,0,0,0
295163L,2800,2070,18,1,295163,Forg.lap EGGER H1401 ST22 Cascina Fenyő 2800x2070x18mm,0,21,,1,0,0,0,0,0,0,0
245049L,2800,2070,18,1,245049,Forg.lap EGGER H1487 ST22 Bramberg Fenyő 2800x2070x18mm,0,21,,1,0,0,0,0,0,0,0
1176732L,2800,2070,18,1,1176732,Forg.lap EGGER H1636 ST12 Locarno Cserenye 2800x2070x18mm,0,21,,1,0,0,0,0,0,0,0
1377167L,2800,2070,18,1,1377167,Forg.lap EGGER H1710 ST10 Kentucky Homok Gesztenye 2800x2070x18mm,0,21,,1,0,0,0,0,0,0,0
1368064L,2800,2070,18,1,1368064,Forg.lap EGGER H1714 ST19 Lincoln Dió 2800x2070x18mm,0,21,,1,0,0,0,0,0,0,0
1716987L,2800,2070,18,1,1716987,Forg.lap EGGER H1715 ST12 Parona Dió 2800x2070x18mm,0,21,,1,0,0,0,0,0,0,0
1717643L,2800,2070,18,1,1717643,Forg.lap EGGER H1732 ST9 Homok Nyír 2800x2070x18mm,0,21,,1,0,0,0,0,0,0,0
1717663L,2800,2070,18,1,1717663,Forg.lap EGGER H1910 ST9 Willow Bükk 2800x2070x18mm,0,21,,1,0,0,0,0,0,0,0
1301817L,2800,2070,18,1,1301817,Forg.lap EGGER H2033 ST10 Sötét Hunton Tölgy 2800x2070x18mm,1000,21,,1,0,0,0,0,0,0,0
1717257L,2800,2070,18,1,1717257,Forg.lap EGGER H3003 ST19 Norwich Tölgy 2800x2070x18mm,0,21,,1,0,0,0,0,0,0,0
944597L,2800,2070,18,1,944597,Forg.lap EGGER H3012 ST22 Coco Bolo 2800x2070x18mm,0,21,,1,0,0,0,0,0,0,0
1717037L,2800,2070,18,1,1717037,Forg.lap EGGER H3043 ST12 Sötétbarna Eukaliptusz 2800x2070x18mm,0,21,,1,0,0,0,0,0,0,0
1717087L,2800,2070,18,1,1717087,Forg.lap EGGER H305 ST12 Natúr Tonsberg Tölgy 2800x2070x18mm,0,21,,1,0,0,0,0,0,0,0
1717126L,2800,2070,18,1,1717126,Forg.lap EGGER H309 ST12 Tonsberg Barna Tölgy 2800x2070x18mm,0,21,,1,0,0,0,0,0,0,0
1191409L,2800,2070,18,1,1191409,Forg.lap EGGER H3131 ST12 Natúr Davos Tölgy 2800x2070x18mm,0,21,,1,0,0,0,0,0,0,0
1191552L,2800,2070,18,1,1191552,Forg.lap EGGER H3133 ST12 Trüffelbarna Davos Tölgy 2800x2070x18mm,0,21,,1,0,0,0,0,0,0,0
1377166L,2800,2070,18,1,1377166,Forg.lap EGGER H3146 ST19 Lorenzo Szürkésbézs Tölgy 2800x2070x18mm,0,21,,1,0,0,0,0,0,0,0
1717296L,2800,2070,18,1,1717296,Forg.lap EGGER H3152 ST19 Fehérített Vicenza Tölgy 2800x2070x18mm,0,21,,1,0,0,0,0,0,0,0
1178726L,2800,2070,18,1,1178726,Forg.lap EGGER H3154 ST36 Sötétbarna Charleston Tölgy 2800x2070x18mm,0,21,,1,0,0,0,0,0,0,0
1191557L,2800,2070,18,1,1191557,Forg.lap EGGER H3156 ST12 Szürke Corbridge 2800x2070x18mm,0,21,,1,0,0,0,0,0,0,0
1198220L,2800,2070,18,1,1198220,Forg.lap EGGER H3157 ST12 Vicenza Tölgy 2800x2070x18mm,0,21,,1,0,0,0,0,0,0,0
1191560L,2800,2070,18,1,1191560,Forg.lap EGGER H3170 ST12 Natúr Kendal Tölgy 2800x2070x18mm,0,21,,1,0,0,0,0,0,0,0
1377185L,2800,2070,18,1,1377185,Forg.lap EGGER H3176 ST37 Ónos Halifax Tölgy 2800x2070x18mm,0,21,,1,0,0,0,0,0,0,0
1358137L,2800,2070,18,1,1358137,Forg.lap EGGER H3190 ST19 Antracit Fineline Metal 2800x2070x18mm,0,21,,1,0,0,0,0,0,0,0
1717336L,2800,2070,18,1,1717336,Forg.lap EGGER H3195 ST19 Fineline Fehér 2800x2070x18mm,0,21,,1,0,0,0,0,0,0,0
1717376L,2800,2070,18,1,1717376,Forg.lap EGGER H3197 ST19 Fineline Közepes Szürke 2800x2070x18mm,0,21,,1,0,0,0,0,0,0,0
1717413L,2800,2070,18,1,1717413,Forg.lap EGGER H3198 ST19 Fineline Sötétszürke 2800x2070x18mm,0,21,,1,0,0,0,0,0,0,0
236536L,2800,2070,18,1,236536,Forg.lap EGGER H3303 ST10 Natúr Hamilton Tölgy 2800x2070x18mm,2000,21,,1,0,0,0,0,0,0,0
318968L,2800,2070,18,1,318968,Forg.lap EGGER H3309 ST28 Gladstone Homok Tölgy 2800x2070x18mm,0,21,,1,0,0,0,0,0,0,0
1718035L,2800,2070,18,1,1718035,Forg.lap EGGER H3317 ST28 Barna Cuneo Tölgy 2800x2070x18mm,200,21,,1,0,0,0,0,0,0,0
302745L,2800,2070,18,1,302745,Forg.lap EGGER H3325 ST28 Dohány Gladstone Tölgy 2800x2070x18mm,0,21,,1,0,0,0,0,0,0,0
236943L,2800,2070,18,1,236943,Forg.lap EGGER H3331 ST10 Natúr Nebraska Tölgy 2800x2070x18mm,900,21,,1,0,0,0,0,0,0,0
1718055L,2800,2070,18,1,1718055,Forg.lap EGGER H3359 ST32 Davenport Világos Natúr Tölgy 2800x2070x18mm,0,21,,1,0,0,0,0,0,0,0
1191564L,2800,2070,18,1,1191564,Forg.lap EGGER H3395 ST12 Natúr Corbridge Tölgy 2800x2070x18mm,0,21,,1,0,0,0,0,0,0,0
1176735L,2800,2070,18,1,1176735,Forg.lap EGGER H3398 ST12 Konyak Kendal Tölgy 2800x2070x18mm,0,21,,1,0,0,0,0,0,0,0
1146538L,2800,2070,18,1,1146538,Forg.lap EGGER H3430 ST22 Fehér Aland Fenyő 2800x2070x18mm,0,21,,1,0,0,0,0,0,0,0
1070573L,2800,2070,18,1,1070573,Forg.lap EGGER H3433 ST22 Polar Aland Fenyő 2800x2070x18mm,0,21,,1,0,0,0,0,0,0,0
1058447L,2800,2070,18,1,1058447,Forg.lap EGGER H3450 ST22 Fehér Fleetwood 2800x2070x18mm,400,21,,1,0,0,0,0,0,0,0
225305L,2800,2070,18,1,225305,Forg.lap EGGER H3700 ST10 Natúr Pacific Dió 2800x2070x18mm,0,21,,1,0,0,0,0,0,0,0
235670L,2800,2070,18,1,235670,Forg.lap EGGER H3702 ST10 Pacific Dió Tabak 2800x2070x18mm,0,21,,1,0,0,0,0,0,0,0
1222655L,2800,2070,18,1,1222655,Forg.lap EGGER H3710 ST12 Natúr Carini Dió 2800x2070x18mm,400,21,,1,0,0,0,0,0,0,0
1121485L,2800,2070,18,1,1121485,Forg.lap EGGER H3730 ST10 Natúr Hickory 2800x2070x18mm,700,21,,1,0,0,0,0,0,0,0
765711L,2800,2070,18,1,765711,Forg.lap EGGER H3734 ST9 Natúr Dijon Dió 2800x2070x18mm,0,21,,1,0,0,0,0,0,0,0
892629L,2800,2070,18,1,892629,Forg.lap EGGER H3840 ST9 Natúr Mandal Juhar 2800x2070x18mm,0,21,,1,0,0,0,0,0,0,0
1179139L,2800,2070,18,1,1179139,Forg.lap EGGER H3860 ST9 Pezsgő Rider Juhar 2800x2070x18mm,0,21,,1,0,0,0,0,0,0,0
1652684L,2800,2070,18,1,1652684,Forg.lap EGGER PerfectSense Feelwood Matt H3180 TM37_ST37 Halifax Barna Tölgy 2800x2070x18mm,0,21,,1,0,0,0,0,0,0,0
1652628L,2800,2070,18,1,1652628,Forg.lap EGGER PerfectSense Feelwood Matt H3311 TM28_ST28 Fehérített Cuneo Tölgy 2800x2070x18mm,0,21,,1,0,0,0,0,0,0,0
1684501L,2800,2070,18,1,1684501,Forg.lap EGGER PerfectSense Matt H1204 TM22_ST22 Natúr Világos Lugano Kőris 2800x2070x18mm,0,21,,1,0,0,0,0,0,0,0
1684481L,2800,2070,18,1,1684481,Forg.lap EGGER PerfectSense Matt H1227 TM12_ST12 Barna Abano Kőris 2800x2070x18mm,0,21,,1,0,0,0,0,0,0,0
1684503L,2800,2070,18,0,1684503,Forg.lap EGGER PerfectSense Matt U740 tM9_ST7 Sötét Taupe 2800x2070x18mm,0,21,,1,0,0,0,0,0,0,0
1684428L,2800,2070,18,0,1684428,Forg.lap EGGER PerfectSense Matt U960 TM9_ST7 Onyx Szürke 2800x2070x18mm,0,21,,1,0,0,0,0,0,0,0
1684473L,2800,2070,18,0,1684473,Forg.lap EGGER PerfectSense Matt U999 TM9_ST7 Fekete 2800x2070x18mm,0,21,,1,0,0,0,0,0,0,0
1684512L,2800,2070,18,0,1684512,Forg.lap EGGER PerfectSense Matt W1000 TM9_ST7 Prémium Fehér 2800x2070x18mm,0,21,,1,0,0,0,0,0,0,0
875036L,2800,2070,18,0,875036,Forg.lap EGGER U104 ST9 Alabástrom 2800x2070x18mm,500,21,,1,0,0,0,0,0,0,0
954286L,2800,2070,18,0,954286,Forg.lap EGGER U113 ST9 Cotton Bézs 2800x2070x18mm,600,21,,1,0,0,0,0,0,0,0
1717683L,2800,2070,18,0,1717683,Forg.lap EGGER U115 ST9 Carat Bézs 2800x2070x18mm,1500,21,,1,0,0,0,0,0,0,0
1717704L,2800,2070,18,0,1717704,Forg.lap EGGER U125 ST9 Por Sárga 2800x2070x18mm,0,21,,1,0,0,0,0,0,0,0
654709L,2800,2070,18,0,654709,Forg.lap EGGER U156 ST9 Homoksárga 2800x2070x18mm,1000,21,,1,0,0,0,0,0,0,0
300259L,2800,2070,18,0,300259,Forg.lap EGGER U163 ST9 Curry Sárga 2800x2070x18mm,0,21,,1,0,0,0,0,0,0,0
1180988L,2800,2070,18,0,1180988,Forg.lap EGGER U201 ST9 Kavics Szürka 2800x2070x18mm,0,21,,1,0,0,0,0,0,0,0
1717724L,2800,2070,18,0,1717724,Forg.lap EGGER U211 ST9 Mandula Bézs 2800x2070x18mm,800,21,,1,0,0,0,0,0,0,0
987779L,2800,2070,18,0,987779,Forg.lap EGGER U216 ST9 Camel Bézs 2800x2070x18mm,400,21,,1,0,0,0,0,0,0,0
894899L,2800,2070,18,0,894899,Forg.lap EGGER U222 ST9 Krém Bézs 2800x2070x18mm,1000,21,,1,0,0,0,0,0,0,0
884370L,2800,2070,18,0,884370,Forg.lap EGGER U311 ST9 Burgundi Vörös 2800x2070x18mm,0,21,,1,0,0,0,0,0,0,0
1209298L,2800,2070,18,0,1209298,Forg.lap EGGER U321 ST9 Kína Vörös 2800x2070x18mm,0,21,,1,0,0,0,0,0,0,0
1276817L,2800,2070,18,0,1276817,Forg.lap EGGER U325 ST9 Antik Rózsa 2800x2070x18mm,0,21,,1,0,0,0,0,0,0,0
1717744L,2800,2070,18,0,1717744,Forg.lap EGGER U335 ST9 Rozsdás Vörös 2800x2070x18mm,0,21,,1,0,0,0,0,0,0,0
1209303L,2800,2070,18,0,1209303,Forg.lap EGGER U350 ST9 Siena Narancs 2800x2070x18mm,0,21,,1,0,0,0,0,0,0,0
1717764L,2800,2070,18,0,1717764,Forg.lap EGGER U502 ST9 Misty Kék 2800x2070x18mm,0,21,,1,0,0,0,0,0,0,0
1135720L,2800,2070,18,0,1135720,Forg.lap EGGER U504 ST9 Tiroli Kék 2800x2070x18mm,0,21,,1,0,0,0,0,0,0,0
1189297L,2800,2070,18,0,1189297,Forg.lap EGGER U525 ST9 Delft Kék 2800x2070x18mm,0,21,,1,0,0,0,0,0,0,0
225317L,2800,2070,18,0,225317,Forg.lap EGGER U540 ST9 Denim Kék 2800x2070x18mm,0,21,,1,0,0,0,0,0,0,0
1135719L,2800,2070,18,0,1135719,Forg.lap EGGER U599 ST9 Indigó Kék 2800x2070x18mm,0,21,,1,0,0,0,0,0,0,0
1717858L,2800,2070,18,0,1717858,Forg.lap EGGER U604 ST9 Eukaliptusz Zöld 2800x2070x18mm,800,21,,1,0,0,0,0,0,0,0
1206117L,2800,2070,18,0,1206117,Forg.lap EGGER U630 ST9 Élénk Zöld 2800x2070x18mm,0,21,,1,0,0,0,0,0,0,0
1117861L,2800,2070,18,0,1117861,Forg.lap EGGER U636 ST9 Fjord Zöld 2800x2070x18mm,0,21,,1,0,0,0,0,0,0,0
1717874L,2800,2070,18,0,1717874,Forg.lap EGGER U638 ST9 Zsálya Zöld 2800x2070x18mm,0,21,,1,0,0,0,0,0,0,0
1717934L,2800,2070,18,0,1717934,Forg.lap EGGER U665 ST9 Zöld Kő 2800x2070x18mm,0,21,,1,0,0,0,0,0,0,0
1717954L,2800,2070,18,0,1717954,Forg.lap EGGER U699 ST9 Fenyő Zöld 2800x2070x18mm,0,21,,1,0,0,0,0,0,0,0
268481L,2800,2070,18,0,268481,Forg.lap EGGER U702 ST9 Kasmír Szürke 2800x2070x18mm,3000,21,,1,0,0,0,0,0,0,0
1377199L,2800,2070,18,0,1377199,Forg.lap EGGER U705 ST9 Angora Szürke 2800x2070x18mm,800,21,,1,0,0,0,0,0,0,0
1128979L,2800,2070,18,0,1128979,Forg.lap EGGER U707 ST9 Selyem Szürke 2800x2070x18mm,0,21,,1,0,0,0,0,0,0,0
640550L,2800,2070,18,0,640550,Forg.lap EGGER U708 ST9 Világos Szürke 2800x2070x18mm,900,21,,1,0,0,0,0,0,0,0
974456L,2800,2070,18,0,974456,Forg.lap EGGER U727 ST9 Kő Szürke 2800x2070x18mm,300,21,,1,0,0,0,0,0,0,0
728873L,2800,2070,18,0,728873,Forg.lap EGGER U732 ST9 Por Grey 2800x2070x18mm,0,21,,1,0,0,0,0,0,0,0
1377198L,2800,2070,18,0,1377198,Forg.lap EGGER U740 ST9 Sötét Taupe 2800x2070x18mm,0,21,,1,0,0,0,0,0,0,0
873425L,2800,2070,18,0,873425,Forg.lap EGGER U741 ST9 Láva Szürke 2800x2070x18mm,0,21,,1,0,0,0,0,0,0,0
1020730L,2800,2070,18,0,1020730,Forg.lap EGGER U748 ST9 Trüffel Barna 2800x2070x18mm,0,21,,1,0,0,0,0,0,0,0
797780L,2800,2070,18,0,797780,Forg.lap EGGER U750 ST9 Taupe szürke 2800x2070x18mm,900,21,,1,0,0,0,0,0,0,0
779886L,2800,2070,18,0,779886,Forg.lap EGGER U763 ST9 Gyöngy Szürke 2800x2070x18mm,0,21,,1,0,0,0,0,0,0,0
1175054L,2800,2070,18,0,1175054,Forg.lap EGGER U767 ST9 Kubanit Szürke 2800x2070x18mm,0,21,,1,0,0,0,0,0,0,0
227250L,2800,2070,18,0,227250,Forg.lap EGGER U775 ST9 Halvány Világosszürke 2800x2070x18mm,0,21,,1,0,0,0,0,0,0,0
1367365L,2800,2070,18,0,1367365,Forg.lap EGGER U780 ST9 Monument Szürke 2800x2070x18mm,0,21,,1,0,0,0,0,0,0,0
1135213L,2800,2070,18,0,1135213,Forg.lap EGGER U788 ST9 Artic Szürke 2800x2070x18mm,0,21,,1,0,0,0,0,0,0,0
1190600L,2800,2070,18,0,1190600,Forg.lap EGGER U818 ST9 Sötét Barna 2800x2070x18mm,0,21,,1,0,0,0,0,0,0,0
1377194L,2800,2070,18,0,1377194,Forg.lap EGGER U830 ST9 Karamell Nude 2800x2070x18mm,0,21,,1,0,0,0,0,0,0,0
1133939L,2800,2070,18,0,1133939,Forg.lap EGGER U899 ST9 Finom fekete 2800x2070x18mm,0,21,,1,0,0,0,0,0,0,0
1036615L,2800,2070,18,0,1036615,Forg.lap EGGER U960 ST9 Onyx Szürke 2800x2070x18mm,300,21,,1,0,0,0,0,0,0,0
1717452L,2800,2070,18,0,1717452,Forg.lap EGGER U961 ST7 Grafit Szürke 2800x2070x18mm,1500,21,,1,0,0,0,0,0,0,0
686420L,2800,2070,18,0,686420,Forg.lap EGGER U963 ST9 Gyémántszürke 2800x2070x18mm,500,21,,1,0,0,0,0,0,0,0
1377195L,2800,2070,18,0,1377195,Forg.lap EGGER U968 ST9 Indigó Szürke 2800x2070x18mm,0,21,,1,0,0,0,0,0,0,0
1395605L,2800,2070,18,0,1395605,Forg.lap EGGER U998 ST38 Árnyék Feket 2800x2070x18mm,0,21,,1,0,0,0,0,0,0,0
1304344L,2800,2070,18,1,1304344,Forg.lap EGGER U999 ST19 Fekete Erezett!!!! 2800x2070x18mm,0,21,,1,0,0,0,0,0,0,0
1717492L,2800,2070,18,1,1717492,Forg.lap EGGER U999 ST7 Fekete 2800x2070x18mm,2000,21,,1,0,0,0,0,0,0,0
1189300L,2800,2070,18,1,1189300,Forg.lap EGGER W1000 ST38 Prémium Fehér 2800x2070x18mm,0,21,,1,0,0,0,0,0,0,0
767064L,2800,2070,18,0,767064,Forg.lap EGGER W1000 ST9 Prémium Fehér 2800x2070x18mm,2000,21,,1,0,0,0,0,0,0,0
977553L,2800,2070,18,0,977553,Forg.lap EGGER W1100 ST9 Alpesi Fehér 2800x2070x18mm,900,21,,1,0,0,0,0,0,0,0
249159L,2800,2070,18,0,249159,Forg.lap EGGER W1200 ST9 Porcelán Fehér 2800x2070x18mm,0,21,,1,0,0,0,0,0,0,0
1717995L,2800,2070,18,0,1717995,Forg.lap EGGER W960 SM Klasszikus fehér 2800x2070x18mm,9999,21,,1,0,0,0,0,0,0,0
1717532L,2800,2070,18,0,1717532,Forg.lap EGGER W960 ST7 Klasszikus fehér 2800x2070x18mm,5000,21,,1,0,0,0,0,0,0,0
1684772L,2800,2070,18,0,1684772,MDF PerfectSense MDF Fényes W1100 PG_ST9 Alpesi Fehér 2800x2070x18mm,0,21,,1,0,0,0,0,0,0,0
1684813L,2800,2070,18,0,1684813,MDF PerfectSense MDF Matt U599 PM_ST9 Indigó Kék 2800x2070x18mm,0,21,,1,0,0,0,0,0,0,0
1684788L,2800,2070,18,0,1684788,MDF PerfectSense MDF Matt U665 PM_ST9 Zöld Kő 2800x2070x18mm,0,21,,1,0,0,0,0,0,0,0
1684792L,2800,2070,18,0,1684792,MDF PerfectSense MDF Matt U702 PM_ST9 Kasmír Szürke 2800x2070x18mm,0,21,,1,0,0,0,0,0,0,0
1684708L,2800,2070,18,0,1684708,MDF PerfectSense MDF Matt U767 PM_ST9 Kubanit Szürke 2800x2070x18mm,0,21,,1,0,0,0,0,0,0,0
1684780L,2800,2070,18,0,1684780,MDF PerfectSense MDF Matt U961 PM_ST9 Grafit Szürke 2800x2070x18mm,0,21,,1,0,0,0,0,0,0,0
1684770L,2800,2070,18,0,1684770,MDF PerfectSense MDF Matt W1100 PM_ST9 Alpesi Fehér 2800x2070x18mm,0,21,,1,0,0,0,0,0,0,0
28910L,2800,2070,18,0,28910,Forg.lap Kronospan 0110 Korpusz Fehér 2800x2070x16 mm!!!,1000,21,,1,0,0,0,0,0,0,0
28851L,2800,2070,18,0,28851,Forg.lap Kronospan 0110 Korpusz Fehér 2800x2070x18 mm,0,21,,1,0,0,0,0,0,0,0
78926L,2800,2070,18,0,78926,Forg.lap Kronospan 0164 PE Antracit 2800x2070x16 mm !!!!,200,21,,1,0,0,0,0,0,0,0
29338L,2800,2070,18,0,29338,Forg.lap Kronospan 0164 PE Antracit 2800x2070x18 mm,1000,21,,1,0,0,0,0,0,0,0
28991L,2800,2070,18,0,28991,Forg.lap Kronospan 0190 Fekete prégelt 2800x2070x18 mm,0,21,,1,0,0,0,0,0,0,0
D0375L,2800,2070,18,1,D0375,Forg.lap Kronospan 0375 BS Juhar 2800x2070x18mm,700,21,,1,0,0,0,0,0,0,0
28989L,2800,2070,18,1,28989,Forg.lap Kronospan 0381 Bükk 2800x2070x18 mm,200,21,,1,0,0,0,0,0,0,0
29492L,2800,2070,18,0,29492,Forg.lap Kronospan 0540 PE Manhattan Grey 2800x2070x18 mm,0,21,,1,0,0,0,0,0,0,0
42086L,2800,2070,18,1,42086,Forg.lap Kronospan 0854 BS Wenge 2800x2070x18 mm,0,21,,1,0,0,0,0,0,0,0
29499L,2800,2070,18,0,29499,Forg.lap Kronospan 0881 PE Alumínium 2800x2070x18 mm,0,21,,1,0,0,0,0,0,0,0
65731L,2800,2070,18,1,65731,Forg.lap Kronospan 1715BS Nyír 2800x2070x18mm,0,21,,1,0,0,0,0,0,0,0
76991L,2800,2070,18,1,76991,Forg.lap Kronospan 1912 BS Éger 2800x2070x18 mm,0,21,,1,0,0,0,0,0,0,0
9819LL,2800,2070,18,1,9819L,Forg.lap Kronospan 3025 Sonoma tölgy 2800x2070x18 mm,0,21,,1,0,0,0,0,0,0,0
76577L,2800,2070,18,1,76577,Forg.lap Kronospan 5194 SN Sonoma tölgy trüffel 2800x2070x18 mm,1000,21,,1,0,0,0,0,0,0,0
29414L,2800,2070,18,1,29414,Forg.lap Kronospan 5527 SN Stone Tölgy 2800x2070x18 mm,0,21,,1,0,0,0,0,0,0,0
65280L,2800,2070,18,1,65280,Forg.lap Kronospan 5982 BS Kagyló 2800x2070x18 mm,0,21,,1,0,0,0,0,0,0,0
29435L,2800,2070,18,1,29435,Forg.lap Kronospan 8508 SN White North Wood 2800x2070x18 mm,0,21,,1,0,0,0,0,0,0,0
28850L,2800,2070,18,0,28850,Forg.lap Kronospan 8681 Brillant fehér (Alaszka fehér) 2800x2070x18 mm,4000,21,,1,0,0,0,0,0,0,0
76294L,2800,2070,18,0,76294,Forg.lap Kronospan 8681 PE Brillant fehér prégelt (Alaszka fehér) 2800x2070x18 mm,300,21,,1,0,0,0,0,0,0,0
78265L,2800,2070,18,0,78265,Forg.lap Kronospan 8685 PE Hófehér prégelt 2800x2070x18 mm,0,21,,1,0,0,0,0,0,0,0
29415L,2800,2070,18,1,29415,Forg.lap Kronospan 8953 SU Tiepolo Dió 2800x2070x18 mm,0,21,,1,0,0,0,0,0,0,0
29441L,2800,2070,18,1,29441,Forg.lap Kronospan 9455 PR Mogyoró 2800x2070x18 mm,0,21,,1,0,0,0,0,0,0,0
29442L,2800,2070,18,1,29442,Forg.lap Kronospan 9614 BS Lyoni Dió 2800x2070x18 mm,0,21,,1,0,0,0,0,0,0,0
29399L,2800,2070,18,1,29399,Forg.lap Kronospan K001 PW White Craft Tölgy 2800x2070x18 mm,0,21,,1,0,0,0,0,0,0,0
29400L,2800,2070,18,1,29400,Forg.lap Kronospan K003 PW Gold Craft Tölgy 2800x2070x18 mm,400,21,,1,0,0,0,0,0,0,0
29401L,2800,2070,18,1,29401,Forg.lap Kronospan K004 PW Tobacco Craft Tölgy 2800x2070x18 mm,0,21,,1,0,0,0,0,0,0,0
78936L,2800,2070,18,1,78936,Forg.lap Kronospan K007 PW Coffe Urban Tölgy 2800x2070x18 mm,0,21,,1,0,0,0,0,0,0,0
19525TL,2800,2070,18,1,19525T,Forg.lap Kronospan K009 Dark Select walnut 2800x2070x18,0,21,,1,0,0,0,0,0,0,0
29437L,2800,2070,18,1,29437,Forg.lap Kronospan K010 PW Fehér Loft Fenyő 2800x2070x18 mm,0,21,,1,0,0,0,0,0,0,0
76992L,2800,2070,18,1,76992,Forg.lap Kronospan K015 PW Vintage Marine Wood 2800x2070x18 mm,0,21,,1,0,0,0,0,0,0,0
29409L,2800,2070,18,1,29409,Forg.lap Kronospan K016 PW Carbon Marine Wood 2800x2070x18 mm,0,21,,1,0,0,0,0,0,0,0
29410L,2800,2070,18,1,29410,Forg.lap Kronospan K019 PW Ezüst Liberty Szil 2800x2070x18 mm,0,21,,1,0,0,0,0,0,0,0
29411L,2800,2070,18,1,29411,Forg.lap Kronospan K022 PW Satin Blackwood 2800x2070x18 mm,0,21,,1,0,0,0,0,0,0,0
29440L,2800,2070,18,1,29440,Forg.lap Kronospan K0514 PE Ivory 2800x2070x18 mm,0,21,,1,0,0,0,0,0,0,0
29438L,2800,2070,18,1,29438,Forg.lap Kronospan K076 PW Sand Expressive Tölgy 2800x2070x18 mm,0,21,,1,0,0,0,0,0,0,0
65243L,2800,2070,18,1,65243,Forg.lap Kronospan K078 PW Sötét folyóparti cseresznye 2800x2070x18 mm,0,21,,1,0,0,0,0,0,0,0
29412L,2800,2070,18,1,29412,Forg.lap Kronospan K085 PW Light Rockford Hickory 2800x2070x18 mm,0,21,,1,0,0,0,0,0,0,0
65278L,2800,2070,18,1,65278,Forg.lap Kronospan K097 SU Alkonyat kék 2800x2070x18 mm,0,21,,1,0,0,0,0,0,0,0
29413L,2800,2070,18,1,29413,Forg.lap Kronospan K107 PW Elegance Endgrain Tölgy 2800x2070x18 mm,0,21,,1,0,0,0,0,0,0,0
84196L,2800,2070,18,1,84196,Forg.lap Kronospan K537 RW Ristretto Baroque Oak,0,21,,1,0,0,0,0,0,0,0
65405L,2800,1220,18,0,65405,VENNI Akril VA-101 HG Fehér 2800x1220x18mm,0,21,,1,0,0,0,0,0,0,0
78915L,2800,1220,18,0,78915,VENNI PVC KÉTOLDALAS VHG-01 HG Fehér 2800x1220x18mm,0,21,,1,0,0,0,0,0,0,0
65396L,2800,1220,18,0,65396,VENNI PVC VHG-01 HG Fehér 2800x1220x18mm,9999,21,,1,0,0,0,0,0,0,0
65745L,2800,1220,18,0,65745,VENNI PVC VHG-02 HG Fekete 2800x1220x18mm,0,21,,1,0,0,0,0,0,0,0
65397L,2800,1220,18,0,65397,VENNI PVC VHG-03 HG Krém 2800x1220x18mm,2000,21,,1,0,0,0,0,0,0,0
65398L,2800,1220,18,0,65398,VENNI PVC VHG-04 HG Bianco 2800x1220x18mm,3000,21,,1,0,0,0,0,0,0,0
75758L,2800,1220,18,0,75758,VENNI PVC VHG-05 HG Bordeaux 2800x1220x18mm,0,21,,1,0,0,0,0,0,0,0
65578L,2800,1220,18,0,65578,VENNI PVC VHG-06 HG Kasmir 2800x1220x18mm,0,21,,1,0,0,0,0,0,0,0
65399L,2800,1220,18,0,65399,VENNI PVC VHG-07 HG Vision 2800x1220x18mm,700,21,,1,0,0,0,0,0,0,0
65579L,2800,1220,18,0,65579,VENNI PVC VHG-09 HG Sötét szürke 2800x1220x18mm,0,21,,1,0,0,0,0,0,0,0
65400L,2800,1220,18,0,65400,VENNI PVC VHG-10 HG Galaxy Fehér 2800x1220x18mm,1500,21,,1,0,0,0,0,0,0,0
65401L,2800,1220,18,0,65401,VENNI PVC VHG-11 HG Galaxy Krém 2800x1220x18mm,900,21,,1,0,0,0,0,0,0,0
65918L,2800,1220,18,0,65918,VENNI PVC VHG-12 HG Galaxy Antracit 2800x1220x18mm,0,21,,1,0,0,0,0,0,0,0
65582L,2800,1220,18,0,65582,VENNI PVC VHG-13 HG Galaxy méz 2800x1220x18mm,0,21,,1,0,0,0,0,0,0,0
65917L,2800,1220,18,0,65917,VENNI PVC VHG-14 HG Galaxy Metál szürke 2800x1220x18mm,0,21,,1,0,0,0,0,0,0,0
75759L,2800,1220,18,0,75759,VENNI PVC VHG-16 HG Milano dió 2800x1220x18mm,0,21,,1,0,0,0,0,0,0,0
65580L,2800,1220,18,0,65580,VENNI PVC VHG-19 HG Trend szürke 2800x1220x18mm,500,21,,1,0,0,0,0,0,0,0
76234L,2800,1220,18,0,76234,VENNI PVC VHG-20 HG Fehér márvány 2800x1220x18mm,0,21,,1,0,0,0,0,0,0,0
65581L,2800,1220,18,0,65581,VENNI PVC VHG-24 HG Világos szürke 2800x1220x18mm,0,21,,1,0,0,0,0,0,0,0
65402L,2800,1220,18,0,65402,VENNI PVC VHG-25 HG Delux Szürke 2800x1220x18mm,0,21,,1,0,0,0,0,0,0,0
65403L,2800,1220,18,0,65403,VENNI PVC VSM-01 SM Matt Fehér 2800x1220x18mm,1500,21,,1,0,0,0,0,0,0,0
65746L,2800,1220,18,0,65746,VENNI PVC VSM-02 SM Matt Fekete 2800x1220x18mm,300,21,,1,0,0,0,0,0,0,0
65583L,2800,1220,18,0,65583,VENNI PVC VSM-03 SM Matt krém 2800x1220x18mm,3000,21,,1,0,0,0,0,0,0,0
65404L,2800,1220,18,0,65404,VENNI PVC VSM-04 SM Matt Szürke 2800x1220x18mm,200,21,,1,0,0,0,0,0,0,0
65741L,2800,1220,18,0,65741,VENNI PVC VSM-05 SM Matt Kőszürke 2800x1220x18mm,0,21,,1,0,0,0,0,0,0,0
65742L,2800,1220,18,0,65742,VENNI PVC VSM-06 SM Matt Kasmír 2800x1220x18mm,1500,21,,1,0,0,0,0,0,0,0
65584L,2800,1220,18,0,65584,VENNI PVC VSM-07 SM Matt Vision 2800x1220x18mm,1000,21,,1,0,0,0,0,0,0,0
65585L,2800,1220,18,0,65585,VENNI PVC VSM-09 SM Matt Trend szürke 2800x1220x18mm,0,21,,1,0,0,0,0,0,0,0
77032L,2800,1220,18,0,77032,VENNI PVC VSM-10 SM Matt Világos szürke 2800x1220x18mm,0,21,,1,0,0,0,0,0,0,0
65744L,2800,1220,18,0,65744,VENNI PVC VSM-11 SM Matt Star szürke 2800x1220x18mm,800,21,,1,0,0,0,0,0,0,0
65586L,2800,1220,18,0,65586,VENNI PVC VSM-12 SM Matt Menta 2800x1220x18mm,800,21,,1,0,0,0,0,0,0,0
65587L,2800,1220,18,0,65587,VENNI PVC VSM-13 SM Matt Agyag 2800x1220x18mm,0,21,,1,0,0,0,0,0,0,0
75762L,2800,1220,18,0,75762,VENNI PVC VSM-14 SM Kék 2800x1220x18mm,0,21,,1,0,0,0,0,0,0,0
75763L,2800,1220,18,1,75763,VENNI PVC VSM-15 SM Halifax tölgy 2800x1220x18mm,0,21,,1,0,0,0,0,0,0,0
76758L,2800,1220,18,0,76758,VENNI PVC VSM-18 SM Matt Almond 2800x1220x18mm,700,21,,1,0,0,0,0,0,0,0
76759L,2800,1220,18,0,76759,VENNI PVC VSM-19 SM Matt Füstszürke 2800x1220x18mm,0,21,,1,0,0,0,0,0,0,0
76760L,2800,1220,18,0,76760,VENNI PVC VSM-20 SM Matt Vulkáni szürke 2800x1220x18mm,900,21,,1,0,0,0,0,0,0,0
76761L,2800,1220,18,0,76761,VENNI PVC VSM-21 SM Matt Oliva zöld 2800x1220x18mm,600,21,,1,0,0,0,0,0,0,0
76762L,2800,1220,18,0,76762,VENNI PVC VSM-22 SM Matt Kék 2800x1220x18mm,0,21,,1,0,0,0,0,0,0,0
76763L,2800,1220,18,0,76763,VENNI PVC VSM-23 SM Matt Óceán Kék 2800x1220x18mm,0,21,,1,0,0,0,0,0,0,0
76764L,2800,1220,18,0,76764,VENNI PVC VSM-24 SM Matt Old rose 2800x1220x18mm,0,21,,1,0,0,0,0,0,0,0
76765L,2800,1220,18,1,76765,VENNI PVC VSM-25 SM Matt Textil fehér 2800x1220x18mm,0,21,,1,0,0,0,0,0,0,0
76766L,2800,1220,18,1,76766,VENNI PVC VSM-26 SM Matt Textil szürke 2800x1220x18mm,0,21,,1,0,0,0,0,0,0,0
76767L,2800,1220,18,1,76767,VENNI PVC VSM-27 SM Matt Textil arany 2800x1220x18mm,0,21,,1,0,0,0,0,0,0,0
84773L,2800,1220,18,0,84773,VENNI PVC VSM-28 SM Matt Holdkő 2800x1220x18mm,0,21,,1,0,0,0,0,0,0,0
84774L,2800,1220,18,0,84774,VENNI PVC VSM-29 SM Matt Homokkő 2800x1220x18mm,0,21,,1,0,0,0,0,0,0,0
84775L,2800,1220,18,0,84775,VENNI PVC VSM-30 SM Matt Meteor szürke 2800x1220x18mm,0,21,,1,0,0,0,0,0,0,0
84776L,2800,1220,18,0,84776,VENNI PVC VSM-31 SM Meleg szürke 2800x1220x18mm,0,21,,1,0,0,0,0,0,0,0
84777L,2800,1220,18,0,84777,VENNI PVC VSM-32 SM Elit szürke 2800x1220x18mm,0,21,,1,0,0,0,0,0,0,0
